{
  "__type__": "cc.SpriteFrame",
  "content": {
    "name": "11",
    "atlas": "",
    "rect": {
      "x": 0,
      "y": 59,
      "width": 176,
      "height": 104
    },
    "offset": {
      "x": -6,
      "y": -29.5
    },
    "originalSize": {
      "width": 188,
      "height": 163
    },
    "rotated": false,
    "capInsets": [
      0,
      0,
      0,
      0
    ],
    "vertices": {
      "rawPosition": [
        -88,
        -52,
        0,
        88,
        -52,
        0,
        -88,
        52,
        0,
        88,
        52,
        0
      ],
      "indexes": [
        0,
        1,
        2,
        2,
        1,
        3
      ],
      "uv": [
        0,
        104,
        176,
        104,
        0,
        0,
        176,
        0
      ],
      "nuv": [
        0,
        0,
        0.9361702127659575,
        0,
        0,
        0.6380368098159509,
        0.9361702127659575,
        0.6380368098159509
      ],
      "minPos": {
        "x": -88,
        "y": -52,
        "z": 0
      },
      "maxPos": {
        "x": 88,
        "y": 52,
        "z": 0
      }
    },
    "texture": "8ffe3906-ba67-4db0-85b0-53a6f5044f4f@6c48a",
    "packable": true,
    "pixelsToUnit": 100,
    "pivot": {
      "x": 0.5,
      "y": 0.5
    },
    "meshType": 0
  }
}