{
  "__type__": "cc.SpriteFrame",
  "content": {
    "name": "06",
    "atlas": "",
    "rect": {
      "x": 16,
      "y": 25,
      "width": 156,
      "height": 135
    },
    "offset": {
      "x": 0,
      "y": -11
    },
    "originalSize": {
      "width": 188,
      "height": 163
    },
    "rotated": false,
    "capInsets": [
      0,
      0,
      0,
      0
    ],
    "vertices": {
      "rawPosition": [
        -78,
        -67.5,
        0,
        78,
        -67.5,
        0,
        -78,
        67.5,
        0,
        78,
        67.5,
        0
      ],
      "indexes": [
        0,
        1,
        2,
        2,
        1,
        3
      ],
      "uv": [
        16,
        138,
        172,
        138,
        16,
        3,
        172,
        3
      ],
      "nuv": [
        0.0851063829787234,
        0.018404907975460124,
        0.9148936170212766,
        0.018404907975460124,
        0.0851063829787234,
        0.8466257668711656,
        0.9148936170212766,
        0.8466257668711656
      ],
      "minPos": {
        "x": -78,
        "y": -67.5,
        "z": 0
      },
      "maxPos": {
        "x": 78,
        "y": 67.5,
        "z": 0
      }
    },
    "texture": "192287a3-5e42-408c-8ac4-c17d2a2c0e7e@6c48a",
    "packable": true,
    "pixelsToUnit": 100,
    "pivot": {
      "x": 0.5,
      "y": 0.5
    },
    "meshType": 0
  }
}