{
  "__type__": "cc.SpriteFrame",
  "content": {
    "name": "13",
    "atlas": "",
    "rect": {
      "x": 15,
      "y": 59,
      "width": 166,
      "height": 103
    },
    "offset": {
      "x": 4,
      "y": -29
    },
    "originalSize": {
      "width": 188,
      "height": 163
    },
    "rotated": false,
    "capInsets": [
      0,
      0,
      0,
      0
    ],
    "vertices": {
      "rawPosition": [
        -83,
        -51.5,
        0,
        83,
        -51.5,
        0,
        -83,
        51.5,
        0,
        83,
        51.5,
        0
      ],
      "indexes": [
        0,
        1,
        2,
        2,
        1,
        3
      ],
      "uv": [
        15,
        104,
        181,
        104,
        15,
        1,
        181,
        1
      ],
      "nuv": [
        0.0797872340425532,
        0.006134969325153374,
        0.9627659574468085,
        0.006134969325153374,
        0.0797872340425532,
        0.6380368098159509,
        0.9627659574468085,
        0.6380368098159509
      ],
      "minPos": {
        "x": -83,
        "y": -51.5,
        "z": 0
      },
      "maxPos": {
        "x": 83,
        "y": 51.5,
        "z": 0
      }
    },
    "texture": "e2e559d2-b9f0-4136-b650-94f4636e95f5@6c48a",
    "packable": true,
    "pixelsToUnit": 100,
    "pivot": {
      "x": 0.5,
      "y": 0.5
    },
    "meshType": 0
  }
}