{
  "__type__": "cc.SpriteFrame",
  "content": {
    "name": "$Seller",
    "atlas": "",
    "rect": {
      "x": 60,
      "y": 39,
      "width": 492,
      "height": 717
    },
    "offset": {
      "x": 18,
      "y": -13.5
    },
    "originalSize": {
      "width": 576,
      "height": 768
    },
    "rotated": false,
    "capInsets": [
      0,
      0,
      0,
      0
    ],
    "vertices": {
      "rawPosition": [
        -246,
        -358.5,
        0,
        246,
        -358.5,
        0,
        -246,
        358.5,
        0,
        246,
        358.5,
        0
      ],
      "indexes": [
        0,
        1,
        2,
        2,
        1,
        3
      ],
      "uv": [
        60,
        729,
        552,
        729,
        60,
        12,
        552,
        12
      ],
      "nuv": [
        0.10416666666666667,
        0.015625,
        0.9583333333333334,
        0.015625,
        0.10416666666666667,
        0.94921875,
        0.9583333333333334,
        0.94921875
      ],
      "minPos": {
        "x": -246,
        "y": -358.5,
        "z": 0
      },
      "maxPos": {
        "x": 246,
        "y": 358.5,
        "z": 0
      }
    },
    "texture": "681cedba-b013-4360-b636-7cace496b13a@6c48a",
    "packable": true,
    "pixelsToUnit": 100,
    "pivot": {
      "x": 0.5,
      "y": 0.5
    },
    "meshType": 0
  }
}