{
  "__type__": "cc.SpriteFrame",
  "content": {
    "name": "FacesetActor01_2",
    "atlas": "",
    "rect": {
      "x": 14,
      "y": 55,
      "width": 418,
      "height": 665
    },
    "offset": {
      "x": -54,
      "y": -27.5
    },
    "originalSize": {
      "width": 554,
      "height": 720
    },
    "rotated": false,
    "capInsets": [
      0,
      0,
      0,
      0
    ],
    "vertices": {
      "rawPosition": [
        -209,
        -332.5,
        0,
        209,
        -332.5,
        0,
        -209,
        332.5,
        0,
        209,
        332.5,
        0
      ],
      "indexes": [
        0,
        1,
        2,
        2,
        1,
        3
      ],
      "uv": [
        14,
        665,
        432,
        665,
        14,
        0,
        432,
        0
      ],
      "nuv": [
        0.02527075812274368,
        0,
        0.779783393501805,
        0,
        0.02527075812274368,
        0.9236111111111112,
        0.779783393501805,
        0.9236111111111112
      ],
      "minPos": {
        "x": -209,
        "y": -332.5,
        "z": 0
      },
      "maxPos": {
        "x": 209,
        "y": 332.5,
        "z": 0
      }
    },
    "texture": "6898a2fe-22f2-44d3-a4ba-82e3431e9ddb@6c48a",
    "packable": true,
    "pixelsToUnit": 100,
    "pivot": {
      "x": 0.5,
      "y": 0.5
    },
    "meshType": 0
  }
}