{
  "__type__": "cc.SpriteFrame",
  "content": {
    "name": "09",
    "atlas": "",
    "rect": {
      "x": 10,
      "y": 25,
      "width": 177,
      "height": 113
    },
    "offset": {
      "x": 4.5,
      "y": 0
    },
    "originalSize": {
      "width": 188,
      "height": 163
    },
    "rotated": false,
    "capInsets": [
      0,
      0,
      0,
      0
    ],
    "vertices": {
      "rawPosition": [
        -88.5,
        -56.5,
        0,
        88.5,
        -56.5,
        0,
        -88.5,
        56.5,
        0,
        88.5,
        56.5,
        0
      ],
      "indexes": [
        0,
        1,
        2,
        2,
        1,
        3
      ],
      "uv": [
        10,
        138,
        187,
        138,
        10,
        25,
        187,
        25
      ],
      "nuv": [
        0.05319148936170213,
        0.15337423312883436,
        0.9946808510638298,
        0.15337423312883436,
        0.05319148936170213,
        0.8466257668711656,
        0.9946808510638298,
        0.8466257668711656
      ],
      "minPos": {
        "x": -88.5,
        "y": -56.5,
        "z": 0
      },
      "maxPos": {
        "x": 88.5,
        "y": 56.5,
        "z": 0
      }
    },
    "texture": "cc954f34-2a47-4819-964c-c3a308d1374e@6c48a",
    "packable": true,
    "pixelsToUnit": 100,
    "pivot": {
      "x": 0.5,
      "y": 0.5
    },
    "meshType": 0
  }
}