{
  "__type__": "cc.SpriteFrame",
  "content": {
    "name": "$Chest01",
    "atlas": "",
    "rect": {
      "x": 45,
      "y": 87,
      "width": 408,
      "height": 699
    },
    "offset": {
      "x": 1.5,
      "y": -40.5
    },
    "originalSize": {
      "width": 495,
      "height": 792
    },
    "rotated": false,
    "capInsets": [
      0,
      0,
      0,
      0
    ],
    "vertices": {
      "rawPosition": [
        -204,
        -349.5,
        0,
        204,
        -349.5,
        0,
        -204,
        349.5,
        0,
        204,
        349.5,
        0
      ],
      "indexes": [
        0,
        1,
        2,
        2,
        1,
        3
      ],
      "uv": [
        45,
        705,
        453,
        705,
        45,
        6,
        453,
        6
      ],
      "nuv": [
        0.09090909090909091,
        0.007575757575757576,
        0.9151515151515152,
        0.007575757575757576,
        0.09090909090909091,
        0.8901515151515151,
        0.9151515151515152,
        0.8901515151515151
      ],
      "minPos": {
        "x": -204,
        "y": -349.5,
        "z": 0
      },
      "maxPos": {
        "x": 204,
        "y": 349.5,
        "z": 0
      }
    },
    "texture": "e530adfc-86bc-4620-a581-3b147245423a@6c48a",
    "packable": true,
    "pixelsToUnit": 100,
    "pivot": {
      "x": 0.5,
      "y": 0.5
    },
    "meshType": 0
  }
}