{
  "__type__": "cc.SpriteFrame",
  "content": {
    "name": "02",
    "atlas": "",
    "rect": {
      "x": 48,
      "y": 0,
      "width": 88,
      "height": 136
    },
    "offset": {
      "x": -2,
      "y": 13.5
    },
    "originalSize": {
      "width": 188,
      "height": 163
    },
    "rotated": false,
    "capInsets": [
      0,
      0,
      0,
      0
    ],
    "vertices": {
      "rawPosition": [
        -44,
        -68,
        0,
        44,
        -68,
        0,
        -44,
        68,
        0,
        44,
        68,
        0
      ],
      "indexes": [
        0,
        1,
        2,
        2,
        1,
        3
      ],
      "uv": [
        48,
        163,
        136,
        163,
        48,
        27,
        136,
        27
      ],
      "nuv": [
        0.2553191489361702,
        0.1656441717791411,
        0.723404255319149,
        0.1656441717791411,
        0.2553191489361702,
        1,
        0.723404255319149,
        1
      ],
      "minPos": {
        "x": -44,
        "y": -68,
        "z": 0
      },
      "maxPos": {
        "x": 44,
        "y": 68,
        "z": 0
      }
    },
    "texture": "7f5d45b8-fcea-456a-9dfe-cc0a15ec5a34@6c48a",
    "packable": true,
    "pixelsToUnit": 100,
    "pivot": {
      "x": 0.5,
      "y": 0.5
    },
    "meshType": 0
  }
}