{
  "__type__": "cc.SpriteFrame",
  "content": {
    "name": "11",
    "atlas": "",
    "rect": {
      "x": 14,
      "y": 0,
      "width": 158,
      "height": 183
    },
    "offset": {
      "x": -1.5,
      "y": 0
    },
    "originalSize": {
      "width": 189,
      "height": 183
    },
    "rotated": false,
    "capInsets": [
      0,
      0,
      0,
      0
    ],
    "vertices": {
      "rawPosition": [
        -79,
        -91.5,
        0,
        79,
        -91.5,
        0,
        -79,
        91.5,
        0,
        79,
        91.5,
        0
      ],
      "indexes": [
        0,
        1,
        2,
        2,
        1,
        3
      ],
      "uv": [
        14,
        183,
        172,
        183,
        14,
        0,
        172,
        0
      ],
      "nuv": [
        0.07407407407407407,
        0,
        0.91005291005291,
        0,
        0.07407407407407407,
        1,
        0.91005291005291,
        1
      ],
      "minPos": {
        "x": -79,
        "y": -91.5,
        "z": 0
      },
      "maxPos": {
        "x": 79,
        "y": 91.5,
        "z": 0
      }
    },
    "texture": "1373058c-8e5b-4bc4-8534-831979d9f356@6c48a",
    "packable": true,
    "pixelsToUnit": 100,
    "pivot": {
      "x": 0.5,
      "y": 0.5
    },
    "meshType": 0
  }
}