{
  "__type__": "cc.SpriteFrame",
  "content": {
    "name": "06",
    "atlas": "",
    "rect": {
      "x": 10,
      "y": 9,
      "width": 169,
      "height": 174
    },
    "offset": {
      "x": 0,
      "y": -4.5
    },
    "originalSize": {
      "width": 189,
      "height": 183
    },
    "rotated": false,
    "capInsets": [
      0,
      0,
      0,
      0
    ],
    "vertices": {
      "rawPosition": [
        -84.5,
        -87,
        0,
        84.5,
        -87,
        0,
        -84.5,
        87,
        0,
        84.5,
        87,
        0
      ],
      "indexes": [
        0,
        1,
        2,
        2,
        1,
        3
      ],
      "uv": [
        10,
        174,
        179,
        174,
        10,
        0,
        179,
        0
      ],
      "nuv": [
        0.05291005291005291,
        0,
        0.9470899470899471,
        0,
        0.05291005291005291,
        0.9508196721311475,
        0.9470899470899471,
        0.9508196721311475
      ],
      "minPos": {
        "x": -84.5,
        "y": -87,
        "z": 0
      },
      "maxPos": {
        "x": 84.5,
        "y": 87,
        "z": 0
      }
    },
    "texture": "e3a01c98-805b-46bd-8cdb-981e1e3b49fd@6c48a",
    "packable": true,
    "pixelsToUnit": 100,
    "pivot": {
      "x": 0.5,
      "y": 0.5
    },
    "meshType": 0
  }
}