{
  "__type__": "cc.SpriteFrame",
  "content": {
    "name": "18",
    "atlas": "",
    "rect": {
      "x": 1,
      "y": 32,
      "width": 164,
      "height": 104
    },
    "offset": {
      "x": -11,
      "y": -2.5
    },
    "originalSize": {
      "width": 188,
      "height": 163
    },
    "rotated": false,
    "capInsets": [
      0,
      0,
      0,
      0
    ],
    "vertices": {
      "rawPosition": [
        -82,
        -52,
        0,
        82,
        -52,
        0,
        -82,
        52,
        0,
        82,
        52,
        0
      ],
      "indexes": [
        0,
        1,
        2,
        2,
        1,
        3
      ],
      "uv": [
        1,
        131,
        165,
        131,
        1,
        27,
        165,
        27
      ],
      "nuv": [
        0.005319148936170213,
        0.1656441717791411,
        0.8776595744680851,
        0.1656441717791411,
        0.005319148936170213,
        0.803680981595092,
        0.8776595744680851,
        0.803680981595092
      ],
      "minPos": {
        "x": -82,
        "y": -52,
        "z": 0
      },
      "maxPos": {
        "x": 82,
        "y": 52,
        "z": 0
      }
    },
    "texture": "385e5f0c-433c-40f6-b63a-1efaa4a1d51d@6c48a",
    "packable": true,
    "pixelsToUnit": 100,
    "pivot": {
      "x": 0.5,
      "y": 0.5
    },
    "meshType": 0
  }
}