{
  "__type__": "cc.SpriteFrame",
  "content": {
    "name": "17",
    "atlas": "",
    "rect": {
      "x": 27,
      "y": 0,
      "width": 140,
      "height": 183
    },
    "offset": {
      "x": 2.5,
      "y": 0
    },
    "originalSize": {
      "width": 189,
      "height": 183
    },
    "rotated": false,
    "capInsets": [
      0,
      0,
      0,
      0
    ],
    "vertices": {
      "rawPosition": [
        -70,
        -91.5,
        0,
        70,
        -91.5,
        0,
        -70,
        91.5,
        0,
        70,
        91.5,
        0
      ],
      "indexes": [
        0,
        1,
        2,
        2,
        1,
        3
      ],
      "uv": [
        27,
        183,
        167,
        183,
        27,
        0,
        167,
        0
      ],
      "nuv": [
        0.14285714285714285,
        0,
        0.8835978835978836,
        0,
        0.14285714285714285,
        1,
        0.8835978835978836,
        1
      ],
      "minPos": {
        "x": -70,
        "y": -91.5,
        "z": 0
      },
      "maxPos": {
        "x": 70,
        "y": 91.5,
        "z": 0
      }
    },
    "texture": "bcd00663-4f0b-4b31-a46e-8b097671fe7a@6c48a",
    "packable": true,
    "pixelsToUnit": 100,
    "pivot": {
      "x": 0.5,
      "y": 0.5
    },
    "meshType": 0
  }
}