{
  "__type__": "cc.SpriteFrame",
  "content": {
    "name": "06",
    "atlas": "",
    "rect": {
      "x": 22,
      "y": 41,
      "width": 22,
      "height": 12
    },
    "offset": {
      "x": 1,
      "y": -15
    },
    "originalSize": {
      "width": 64,
      "height": 64
    },
    "rotated": false,
    "capInsets": [
      0,
      0,
      0,
      0
    ],
    "vertices": {
      "rawPosition": [
        -11,
        -6,
        0,
        11,
        -6,
        0,
        -11,
        6,
        0,
        11,
        6,
        0
      ],
      "indexes": [
        0,
        1,
        2,
        2,
        1,
        3
      ],
      "uv": [
        22,
        23,
        44,
        23,
        22,
        11,
        44,
        11
      ],
      "nuv": [
        0.34375,
        0.171875,
        0.6875,
        0.171875,
        0.34375,
        0.359375,
        0.6875,
        0.359375
      ],
      "minPos": {
        "x": -11,
        "y": -6,
        "z": 0
      },
      "maxPos": {
        "x": 11,
        "y": 6,
        "z": 0
      }
    },
    "texture": "9f7733d6-bdf1-412f-8071-42239791d312@6c48a",
    "packable": true,
    "pixelsToUnit": 100,
    "pivot": {
      "x": 0.5,
      "y": 0.5
    },
    "meshType": 0
  }
}