{
  "__type__": "cc.SpriteFrame",
  "content": {
    "name": "04",
    "atlas": "",
    "rect": {
      "x": 19,
      "y": 19,
      "width": 21,
      "height": 33
    },
    "offset": {
      "x": -2.5,
      "y": -3.5
    },
    "originalSize": {
      "width": 64,
      "height": 64
    },
    "rotated": false,
    "capInsets": [
      0,
      0,
      0,
      0
    ],
    "vertices": {
      "rawPosition": [
        -10.5,
        -16.5,
        0,
        10.5,
        -16.5,
        0,
        -10.5,
        16.5,
        0,
        10.5,
        16.5,
        0
      ],
      "indexes": [
        0,
        1,
        2,
        2,
        1,
        3
      ],
      "uv": [
        19,
        45,
        40,
        45,
        19,
        12,
        40,
        12
      ],
      "nuv": [
        0.296875,
        0.1875,
        0.625,
        0.1875,
        0.296875,
        0.703125,
        0.625,
        0.703125
      ],
      "minPos": {
        "x": -10.5,
        "y": -16.5,
        "z": 0
      },
      "maxPos": {
        "x": 10.5,
        "y": 16.5,
        "z": 0
      }
    },
    "texture": "696a8d8f-35eb-475b-8b64-b1d39f4e7b48@6c48a",
    "packable": true,
    "pixelsToUnit": 100,
    "pivot": {
      "x": 0.5,
      "y": 0.5
    },
    "meshType": 0
  }
}