{
  "__type__": "cc.SpriteFrame",
  "content": {
    "name": "05",
    "atlas": "",
    "rect": {
      "x": 21,
      "y": 20,
      "width": 18,
      "height": 35
    },
    "offset": {
      "x": -2,
      "y": -5.5
    },
    "originalSize": {
      "width": 64,
      "height": 64
    },
    "rotated": false,
    "capInsets": [
      0,
      0,
      0,
      0
    ],
    "vertices": {
      "rawPosition": [
        -9,
        -17.5,
        0,
        9,
        -17.5,
        0,
        -9,
        17.5,
        0,
        9,
        17.5,
        0
      ],
      "indexes": [
        0,
        1,
        2,
        2,
        1,
        3
      ],
      "uv": [
        21,
        44,
        39,
        44,
        21,
        9,
        39,
        9
      ],
      "nuv": [
        0.328125,
        0.140625,
        0.609375,
        0.140625,
        0.328125,
        0.6875,
        0.609375,
        0.6875
      ],
      "minPos": {
        "x": -9,
        "y": -17.5,
        "z": 0
      },
      "maxPos": {
        "x": 9,
        "y": 17.5,
        "z": 0
      }
    },
    "texture": "83cc90a5-9ac3-4207-b251-62642efb8867@6c48a",
    "packable": true,
    "pixelsToUnit": 100,
    "pivot": {
      "x": 0.5,
      "y": 0.5
    },
    "meshType": 0
  }
}