{
  "__type__": "cc.SpriteFrame",
  "content": {
    "name": "$Dog",
    "atlas": "",
    "rect": {
      "x": 45,
      "y": 72,
      "width": 519,
      "height": 687
    },
    "offset": {
      "x": 16.5,
      "y": -31.5
    },
    "originalSize": {
      "width": 576,
      "height": 768
    },
    "rotated": false,
    "capInsets": [
      0,
      0,
      0,
      0
    ],
    "vertices": {
      "rawPosition": [
        -259.5,
        -343.5,
        0,
        259.5,
        -343.5,
        0,
        -259.5,
        343.5,
        0,
        259.5,
        343.5,
        0
      ],
      "indexes": [
        0,
        1,
        2,
        2,
        1,
        3
      ],
      "uv": [
        45,
        696,
        564,
        696,
        45,
        9,
        564,
        9
      ],
      "nuv": [
        0.078125,
        0.01171875,
        0.9791666666666666,
        0.01171875,
        0.078125,
        0.90625,
        0.9791666666666666,
        0.90625
      ],
      "minPos": {
        "x": -259.5,
        "y": -343.5,
        "z": 0
      },
      "maxPos": {
        "x": 259.5,
        "y": 343.5,
        "z": 0
      }
    },
    "texture": "78b61a63-8758-459e-bb95-21cd7a47e866@6c48a",
    "packable": true,
    "pixelsToUnit": 100,
    "pivot": {
      "x": 0.5,
      "y": 0.5
    },
    "meshType": 0
  }
}