{
  "__type__": "cc.SpriteFrame",
  "content": {
    "name": "15",
    "atlas": "",
    "rect": {
      "x": 27,
      "y": 0,
      "width": 132,
      "height": 183
    },
    "offset": {
      "x": -1.5,
      "y": 0
    },
    "originalSize": {
      "width": 189,
      "height": 183
    },
    "rotated": false,
    "capInsets": [
      0,
      0,
      0,
      0
    ],
    "vertices": {
      "rawPosition": [
        -66,
        -91.5,
        0,
        66,
        -91.5,
        0,
        -66,
        91.5,
        0,
        66,
        91.5,
        0
      ],
      "indexes": [
        0,
        1,
        2,
        2,
        1,
        3
      ],
      "uv": [
        27,
        183,
        159,
        183,
        27,
        0,
        159,
        0
      ],
      "nuv": [
        0.14285714285714285,
        0,
        0.8412698412698413,
        0,
        0.14285714285714285,
        1,
        0.8412698412698413,
        1
      ],
      "minPos": {
        "x": -66,
        "y": -91.5,
        "z": 0
      },
      "maxPos": {
        "x": 66,
        "y": 91.5,
        "z": 0
      }
    },
    "texture": "aa1e0ced-9fc2-4959-95e8-a7e72c6cbf6e@6c48a",
    "packable": true,
    "pixelsToUnit": 100,
    "pivot": {
      "x": 0.5,
      "y": 0.5
    },
    "meshType": 0
  }
}