{
  "__type__": "cc.SpriteFrame",
  "content": {
    "name": "08",
    "atlas": "",
    "rect": {
      "x": 17,
      "y": 26,
      "width": 163,
      "height": 114
    },
    "offset": {
      "x": 4.5,
      "y": -1.5
    },
    "originalSize": {
      "width": 188,
      "height": 163
    },
    "rotated": false,
    "capInsets": [
      0,
      0,
      0,
      0
    ],
    "vertices": {
      "rawPosition": [
        -81.5,
        -57,
        0,
        81.5,
        -57,
        0,
        -81.5,
        57,
        0,
        81.5,
        57,
        0
      ],
      "indexes": [
        0,
        1,
        2,
        2,
        1,
        3
      ],
      "uv": [
        17,
        137,
        180,
        137,
        17,
        23,
        180,
        23
      ],
      "nuv": [
        0.09042553191489362,
        0.1411042944785276,
        0.9574468085106383,
        0.1411042944785276,
        0.09042553191489362,
        0.8404907975460123,
        0.9574468085106383,
        0.8404907975460123
      ],
      "minPos": {
        "x": -81.5,
        "y": -57,
        "z": 0
      },
      "maxPos": {
        "x": 81.5,
        "y": 57,
        "z": 0
      }
    },
    "texture": "1492177b-7944-4ba4-ae95-d12376ff825b@6c48a",
    "packable": true,
    "pixelsToUnit": 100,
    "pivot": {
      "x": 0.5,
      "y": 0.5
    },
    "meshType": 0
  }
}