{
  "__type__": "cc.SpriteFrame",
  "content": {
    "name": "12",
    "atlas": "",
    "rect": {
      "x": 25,
      "y": 59,
      "width": 147,
      "height": 104
    },
    "offset": {
      "x": 4.5,
      "y": -29.5
    },
    "originalSize": {
      "width": 188,
      "height": 163
    },
    "rotated": false,
    "capInsets": [
      0,
      0,
      0,
      0
    ],
    "vertices": {
      "rawPosition": [
        -73.5,
        -52,
        0,
        73.5,
        -52,
        0,
        -73.5,
        52,
        0,
        73.5,
        52,
        0
      ],
      "indexes": [
        0,
        1,
        2,
        2,
        1,
        3
      ],
      "uv": [
        25,
        104,
        172,
        104,
        25,
        0,
        172,
        0
      ],
      "nuv": [
        0.13297872340425532,
        0,
        0.9148936170212766,
        0,
        0.13297872340425532,
        0.6380368098159509,
        0.9148936170212766,
        0.6380368098159509
      ],
      "minPos": {
        "x": -73.5,
        "y": -52,
        "z": 0
      },
      "maxPos": {
        "x": 73.5,
        "y": 52,
        "z": 0
      }
    },
    "texture": "bbbc7afd-4544-4fe4-859d-d8ec762964d7@6c48a",
    "packable": true,
    "pixelsToUnit": 100,
    "pivot": {
      "x": 0.5,
      "y": 0.5
    },
    "meshType": 0
  }
}