{
  "__type__": "cc.SpriteFrame",
  "content": {
    "name": "02",
    "atlas": "",
    "rect": {
      "x": 17,
      "y": 14,
      "width": 20,
      "height": 24
    },
    "offset": {
      "x": -5,
      "y": 6
    },
    "originalSize": {
      "width": 64,
      "height": 64
    },
    "rotated": false,
    "capInsets": [
      0,
      0,
      0,
      0
    ],
    "vertices": {
      "rawPosition": [
        -10,
        -12,
        0,
        10,
        -12,
        0,
        -10,
        12,
        0,
        10,
        12,
        0
      ],
      "indexes": [
        0,
        1,
        2,
        2,
        1,
        3
      ],
      "uv": [
        17,
        50,
        37,
        50,
        17,
        26,
        37,
        26
      ],
      "nuv": [
        0.265625,
        0.40625,
        0.578125,
        0.40625,
        0.265625,
        0.78125,
        0.578125,
        0.78125
      ],
      "minPos": {
        "x": -10,
        "y": -12,
        "z": 0
      },
      "maxPos": {
        "x": 10,
        "y": 12,
        "z": 0
      }
    },
    "texture": "cd8ac028-f80e-4e94-8cec-adf708d27ec4@6c48a",
    "packable": true,
    "pixelsToUnit": 100,
    "pivot": {
      "x": 0.5,
      "y": 0.5
    },
    "meshType": 0
  }
}