{
  "__type__": "cc.SpriteFrame",
  "content": {
    "name": "19",
    "atlas": "",
    "rect": {
      "x": 25,
      "y": 75,
      "width": 122,
      "height": 22
    },
    "offset": {
      "x": -8,
      "y": -4.5
    },
    "originalSize": {
      "width": 188,
      "height": 163
    },
    "rotated": false,
    "capInsets": [
      0,
      0,
      0,
      0
    ],
    "vertices": {
      "rawPosition": [
        -61,
        -11,
        0,
        61,
        -11,
        0,
        -61,
        11,
        0,
        61,
        11,
        0
      ],
      "indexes": [
        0,
        1,
        2,
        2,
        1,
        3
      ],
      "uv": [
        25,
        88,
        147,
        88,
        25,
        66,
        147,
        66
      ],
      "nuv": [
        0.13297872340425532,
        0.4049079754601227,
        0.7819148936170213,
        0.4049079754601227,
        0.13297872340425532,
        0.5398773006134969,
        0.7819148936170213,
        0.5398773006134969
      ],
      "minPos": {
        "x": -61,
        "y": -11,
        "z": 0
      },
      "maxPos": {
        "x": 61,
        "y": 11,
        "z": 0
      }
    },
    "texture": "1eb3866e-bede-427a-b244-6b43faa8c422@6c48a",
    "packable": true,
    "pixelsToUnit": 100,
    "pivot": {
      "x": 0.5,
      "y": 0.5
    },
    "meshType": 0
  }
}