{
  "__type__": "cc.SpriteFrame",
  "content": {
    "name": "16",
    "atlas": "",
    "rect": {
      "x": 0,
      "y": 74,
      "width": 180,
      "height": 89
    },
    "offset": {
      "x": -4,
      "y": -37
    },
    "originalSize": {
      "width": 188,
      "height": 163
    },
    "rotated": false,
    "capInsets": [
      0,
      0,
      0,
      0
    ],
    "vertices": {
      "rawPosition": [
        -90,
        -44.5,
        0,
        90,
        -44.5,
        0,
        -90,
        44.5,
        0,
        90,
        44.5,
        0
      ],
      "indexes": [
        0,
        1,
        2,
        2,
        1,
        3
      ],
      "uv": [
        0,
        89,
        180,
        89,
        0,
        0,
        180,
        0
      ],
      "nuv": [
        0,
        0,
        0.9574468085106383,
        0,
        0,
        0.5460122699386503,
        0.9574468085106383,
        0.5460122699386503
      ],
      "minPos": {
        "x": -90,
        "y": -44.5,
        "z": 0
      },
      "maxPos": {
        "x": 90,
        "y": 44.5,
        "z": 0
      }
    },
    "texture": "db67ace6-b247-45c4-abc1-c3918f07003d@6c48a",
    "packable": true,
    "pixelsToUnit": 100,
    "pivot": {
      "x": 0.5,
      "y": 0.5
    },
    "meshType": 0
  }
}