{
  "__type__": "cc.SpriteFrame",
  "content": {
    "name": "Star",
    "atlas": "",
    "rect": {
      "x": 86,
      "y": 76,
      "width": 785,
      "height": 233
    },
    "offset": {
      "x": -1.5,
      "y": -0.5
    },
    "originalSize": {
      "width": 960,
      "height": 384
    },
    "rotated": false,
    "capInsets": [
      0,
      0,
      0,
      0
    ],
    "vertices": {
      "rawPosition": [
        -392.5,
        -116.5,
        0,
        392.5,
        -116.5,
        0,
        -392.5,
        116.5,
        0,
        392.5,
        116.5,
        0
      ],
      "indexes": [
        0,
        1,
        2,
        2,
        1,
        3
      ],
      "uv": [
        86,
        308,
        871,
        308,
        86,
        75,
        871,
        75
      ],
      "nuv": [
        0.08958333333333333,
        0.1953125,
        0.9072916666666667,
        0.1953125,
        0.08958333333333333,
        0.8020833333333334,
        0.9072916666666667,
        0.8020833333333334
      ],
      "minPos": {
        "x": -392.5,
        "y": -116.5,
        "z": 0
      },
      "maxPos": {
        "x": 392.5,
        "y": 116.5,
        "z": 0
      }
    },
    "texture": "c3f728c7-ec62-468a-8d8f-1410c081efd3@6c48a",
    "packable": true,
    "pixelsToUnit": 100,
    "pivot": {
      "x": 0.5,
      "y": 0.5
    },
    "meshType": 0
  }
}