{
  "__type__": "cc.SpriteFrame",
  "content": {
    "name": "02",
    "atlas": "",
    "rect": {
      "x": 38,
      "y": 17,
      "width": 140,
      "height": 132
    },
    "offset": {
      "x": 13.5,
      "y": 8.5
    },
    "originalSize": {
      "width": 189,
      "height": 183
    },
    "rotated": false,
    "capInsets": [
      0,
      0,
      0,
      0
    ],
    "vertices": {
      "rawPosition": [
        -70,
        -66,
        0,
        70,
        -66,
        0,
        -70,
        66,
        0,
        70,
        66,
        0
      ],
      "indexes": [
        0,
        1,
        2,
        2,
        1,
        3
      ],
      "uv": [
        38,
        166,
        178,
        166,
        38,
        34,
        178,
        34
      ],
      "nuv": [
        0.20105820105820105,
        0.18579234972677597,
        0.9417989417989417,
        0.18579234972677597,
        0.20105820105820105,
        0.907103825136612,
        0.9417989417989417,
        0.907103825136612
      ],
      "minPos": {
        "x": -70,
        "y": -66,
        "z": 0
      },
      "maxPos": {
        "x": 70,
        "y": 66,
        "z": 0
      }
    },
    "texture": "399e4cc7-466b-443d-a748-6c55281c5a41@6c48a",
    "packable": true,
    "pixelsToUnit": 100,
    "pivot": {
      "x": 0.5,
      "y": 0.5
    },
    "meshType": 0
  }
}