{
  "__type__": "cc.SpriteFrame",
  "content": {
    "name": "14",
    "atlas": "",
    "rect": {
      "x": 35,
      "y": 0,
      "width": 129,
      "height": 180
    },
    "offset": {
      "x": 5,
      "y": 1.5
    },
    "originalSize": {
      "width": 189,
      "height": 183
    },
    "rotated": false,
    "capInsets": [
      0,
      0,
      0,
      0
    ],
    "vertices": {
      "rawPosition": [
        -64.5,
        -90,
        0,
        64.5,
        -90,
        0,
        -64.5,
        90,
        0,
        64.5,
        90,
        0
      ],
      "indexes": [
        0,
        1,
        2,
        2,
        1,
        3
      ],
      "uv": [
        35,
        183,
        164,
        183,
        35,
        3,
        164,
        3
      ],
      "nuv": [
        0.18518518518518517,
        0.01639344262295082,
        0.8677248677248677,
        0.01639344262295082,
        0.18518518518518517,
        1,
        0.8677248677248677,
        1
      ],
      "minPos": {
        "x": -64.5,
        "y": -90,
        "z": 0
      },
      "maxPos": {
        "x": 64.5,
        "y": 90,
        "z": 0
      }
    },
    "texture": "ff9f3b7e-0a0b-4082-aff3-a1a12cac47ce@6c48a",
    "packable": true,
    "pixelsToUnit": 100,
    "pivot": {
      "x": 0.5,
      "y": 0.5
    },
    "meshType": 0
  }
}