{
  "__type__": "cc.SpriteFrame",
  "content": {
    "name": "05",
    "atlas": "",
    "rect": {
      "x": 18,
      "y": 5,
      "width": 142,
      "height": 129
    },
    "offset": {
      "x": -5,
      "y": 12
    },
    "originalSize": {
      "width": 188,
      "height": 163
    },
    "rotated": false,
    "capInsets": [
      0,
      0,
      0,
      0
    ],
    "vertices": {
      "rawPosition": [
        -71,
        -64.5,
        0,
        71,
        -64.5,
        0,
        -71,
        64.5,
        0,
        71,
        64.5,
        0
      ],
      "indexes": [
        0,
        1,
        2,
        2,
        1,
        3
      ],
      "uv": [
        18,
        158,
        160,
        158,
        18,
        29,
        160,
        29
      ],
      "nuv": [
        0.09574468085106383,
        0.17791411042944785,
        0.851063829787234,
        0.17791411042944785,
        0.09574468085106383,
        0.9693251533742331,
        0.851063829787234,
        0.9693251533742331
      ],
      "minPos": {
        "x": -71,
        "y": -64.5,
        "z": 0
      },
      "maxPos": {
        "x": 71,
        "y": 64.5,
        "z": 0
      }
    },
    "texture": "9c21177f-b025-4adc-a66c-d510feede101@6c48a",
    "packable": true,
    "pixelsToUnit": 100,
    "pivot": {
      "x": 0.5,
      "y": 0.5
    },
    "meshType": 0
  }
}