{
  "__type__": "cc.SpriteFrame",
  "content": {
    "name": "01",
    "atlas": "",
    "rect": {
      "x": 103,
      "y": 33,
      "width": 68,
      "height": 120
    },
    "offset": {
      "x": 42.5,
      "y": -1.5
    },
    "originalSize": {
      "width": 189,
      "height": 183
    },
    "rotated": false,
    "capInsets": [
      0,
      0,
      0,
      0
    ],
    "vertices": {
      "rawPosition": [
        -34,
        -60,
        0,
        34,
        -60,
        0,
        -34,
        60,
        0,
        34,
        60,
        0
      ],
      "indexes": [
        0,
        1,
        2,
        2,
        1,
        3
      ],
      "uv": [
        103,
        150,
        171,
        150,
        103,
        30,
        171,
        30
      ],
      "nuv": [
        0.544973544973545,
        0.16393442622950818,
        0.9047619047619048,
        0.16393442622950818,
        0.544973544973545,
        0.819672131147541,
        0.9047619047619048,
        0.819672131147541
      ],
      "minPos": {
        "x": -34,
        "y": -60,
        "z": 0
      },
      "maxPos": {
        "x": 34,
        "y": 60,
        "z": 0
      }
    },
    "texture": "b7cd8ec7-0a8a-4a02-86f8-e205c83e561f@6c48a",
    "packable": true,
    "pixelsToUnit": 100,
    "pivot": {
      "x": 0.5,
      "y": 0.5
    },
    "meshType": 0
  }
}