{
  "__type__": "cc.SpriteFrame",
  "content": {
    "name": "07",
    "atlas": "",
    "rect": {
      "x": 9,
      "y": 46,
      "width": 168,
      "height": 116
    },
    "offset": {
      "x": -1,
      "y": -22.5
    },
    "originalSize": {
      "width": 188,
      "height": 163
    },
    "rotated": false,
    "capInsets": [
      0,
      0,
      0,
      0
    ],
    "vertices": {
      "rawPosition": [
        -84,
        -58,
        0,
        84,
        -58,
        0,
        -84,
        58,
        0,
        84,
        58,
        0
      ],
      "indexes": [
        0,
        1,
        2,
        2,
        1,
        3
      ],
      "uv": [
        9,
        117,
        177,
        117,
        9,
        1,
        177,
        1
      ],
      "nuv": [
        0.047872340425531915,
        0.006134969325153374,
        0.9414893617021277,
        0.006134969325153374,
        0.047872340425531915,
        0.7177914110429447,
        0.9414893617021277,
        0.7177914110429447
      ],
      "minPos": {
        "x": -84,
        "y": -58,
        "z": 0
      },
      "maxPos": {
        "x": 84,
        "y": 58,
        "z": 0
      }
    },
    "texture": "7a6c18e2-de42-4633-9ede-7d207aee911b@6c48a",
    "packable": true,
    "pixelsToUnit": 100,
    "pivot": {
      "x": 0.5,
      "y": 0.5
    },
    "meshType": 0
  }
}