{
  "__type__": "cc.SpriteFrame",
  "content": {
    "name": "14",
    "atlas": "",
    "rect": {
      "x": 3,
      "y": 46,
      "width": 174,
      "height": 112
    },
    "offset": {
      "x": -4,
      "y": -20.5
    },
    "originalSize": {
      "width": 188,
      "height": 163
    },
    "rotated": false,
    "capInsets": [
      0,
      0,
      0,
      0
    ],
    "vertices": {
      "rawPosition": [
        -87,
        -56,
        0,
        87,
        -56,
        0,
        -87,
        56,
        0,
        87,
        56,
        0
      ],
      "indexes": [
        0,
        1,
        2,
        2,
        1,
        3
      ],
      "uv": [
        3,
        117,
        177,
        117,
        3,
        5,
        177,
        5
      ],
      "nuv": [
        0.015957446808510637,
        0.03067484662576687,
        0.9414893617021277,
        0.03067484662576687,
        0.015957446808510637,
        0.7177914110429447,
        0.9414893617021277,
        0.7177914110429447
      ],
      "minPos": {
        "x": -87,
        "y": -56,
        "z": 0
      },
      "maxPos": {
        "x": 87,
        "y": 56,
        "z": 0
      }
    },
    "texture": "0aa2162a-969e-4c75-b41a-f81e9061a15e@6c48a",
    "packable": true,
    "pixelsToUnit": 100,
    "pivot": {
      "x": 0.5,
      "y": 0.5
    },
    "meshType": 0
  }
}