{
  "__type__": "cc.SpriteFrame",
  "content": {
    "name": "04",
    "atlas": "",
    "rect": {
      "x": 29,
      "y": 0,
      "width": 122,
      "height": 130
    },
    "offset": {
      "x": -4,
      "y": 16.5
    },
    "originalSize": {
      "width": 188,
      "height": 163
    },
    "rotated": false,
    "capInsets": [
      0,
      0,
      0,
      0
    ],
    "vertices": {
      "rawPosition": [
        -61,
        -65,
        0,
        61,
        -65,
        0,
        -61,
        65,
        0,
        61,
        65,
        0
      ],
      "indexes": [
        0,
        1,
        2,
        2,
        1,
        3
      ],
      "uv": [
        29,
        163,
        151,
        163,
        29,
        33,
        151,
        33
      ],
      "nuv": [
        0.15425531914893617,
        0.20245398773006135,
        0.8031914893617021,
        0.20245398773006135,
        0.15425531914893617,
        1,
        0.8031914893617021,
        1
      ],
      "minPos": {
        "x": -61,
        "y": -65,
        "z": 0
      },
      "maxPos": {
        "x": 61,
        "y": 65,
        "z": 0
      }
    },
    "texture": "2ec9421a-303f-4b2a-9d94-3a656531082e@6c48a",
    "packable": true,
    "pixelsToUnit": 100,
    "pivot": {
      "x": 0.5,
      "y": 0.5
    },
    "meshType": 0
  }
}