{
  "__type__": "cc.SpriteFrame",
  "content": {
    "name": "MonsterBlob02+[4,1,1,0,false]",
    "atlas": "",
    "rect": {
      "x": 33,
      "y": 6,
      "width": 789,
      "height": 162
    },
    "offset": {
      "x": 7.5,
      "y": 0
    },
    "originalSize": {
      "width": 840,
      "height": 174
    },
    "rotated": false,
    "capInsets": [
      0,
      0,
      0,
      0
    ],
    "vertices": {
      "rawPosition": [
        -394.5,
        -81,
        0,
        394.5,
        -81,
        0,
        -394.5,
        81,
        0,
        394.5,
        81,
        0
      ],
      "indexes": [
        0,
        1,
        2,
        2,
        1,
        3
      ],
      "uv": [
        33,
        168,
        822,
        168,
        33,
        6,
        822,
        6
      ],
      "nuv": [
        0.039285714285714285,
        0.034482758620689655,
        0.9785714285714285,
        0.034482758620689655,
        0.039285714285714285,
        0.9655172413793104,
        0.9785714285714285,
        0.9655172413793104
      ],
      "minPos": {
        "x": -394.5,
        "y": -81,
        "z": 0
      },
      "maxPos": {
        "x": 394.5,
        "y": 81,
        "z": 0
      }
    },
    "texture": "c74144b1-2ef7-49d6-93c0-4e5efe26ca0c@6c48a",
    "packable": true,
    "pixelsToUnit": 100,
    "pivot": {
      "x": 0.5,
      "y": 0.5
    },
    "meshType": 0
  }
}