{
  "__type__": "cc.SpriteFrame",
  "content": {
    "name": "01",
    "atlas": "",
    "rect": {
      "x": 68,
      "y": 73,
      "width": 50,
      "height": 52
    },
    "offset": {
      "x": -1,
      "y": -17.5
    },
    "originalSize": {
      "width": 188,
      "height": 163
    },
    "rotated": false,
    "capInsets": [
      0,
      0,
      0,
      0
    ],
    "vertices": {
      "rawPosition": [
        -25,
        -26,
        0,
        25,
        -26,
        0,
        -25,
        26,
        0,
        25,
        26,
        0
      ],
      "indexes": [
        0,
        1,
        2,
        2,
        1,
        3
      ],
      "uv": [
        68,
        90,
        118,
        90,
        68,
        38,
        118,
        38
      ],
      "nuv": [
        0.3617021276595745,
        0.2331288343558282,
        0.6276595744680851,
        0.2331288343558282,
        0.3617021276595745,
        0.5521472392638037,
        0.6276595744680851,
        0.5521472392638037
      ],
      "minPos": {
        "x": -25,
        "y": -26,
        "z": 0
      },
      "maxPos": {
        "x": 25,
        "y": 26,
        "z": 0
      }
    },
    "texture": "95fc39ee-8c11-46d3-add9-04ab41414640@6c48a",
    "packable": true,
    "pixelsToUnit": 100,
    "pivot": {
      "x": 0.5,
      "y": 0.5
    },
    "meshType": 0
  }
}