{
  "__type__": "cc.SpriteFrame",
  "content": {
    "name": "$Horse01",
    "atlas": "",
    "rect": {
      "x": 12,
      "y": 15,
      "width": 1341,
      "height": 879
    },
    "offset": {
      "x": -1.5,
      "y": -4.5
    },
    "originalSize": {
      "width": 1368,
      "height": 900
    },
    "rotated": false,
    "capInsets": [
      0,
      0,
      0,
      0
    ],
    "vertices": {
      "rawPosition": [
        -670.5,
        -439.5,
        0,
        670.5,
        -439.5,
        0,
        -670.5,
        439.5,
        0,
        670.5,
        439.5,
        0
      ],
      "indexes": [
        0,
        1,
        2,
        2,
        1,
        3
      ],
      "uv": [
        12,
        885,
        1353,
        885,
        12,
        6,
        1353,
        6
      ],
      "nuv": [
        0.008771929824561403,
        0.006666666666666667,
        0.9890350877192983,
        0.006666666666666667,
        0.008771929824561403,
        0.9833333333333333,
        0.9890350877192983,
        0.9833333333333333
      ],
      "minPos": {
        "x": -670.5,
        "y": -439.5,
        "z": 0
      },
      "maxPos": {
        "x": 670.5,
        "y": 439.5,
        "z": 0
      }
    },
    "texture": "e8cd7ece-6fb5-4040-abaf-1d96fe02fde8@6c48a",
    "packable": true,
    "pixelsToUnit": 100,
    "pivot": {
      "x": 0.5,
      "y": 0.5
    },
    "meshType": 0
  }
}