{
  "__type__": "cc.SpriteFrame",
  "content": {
    "name": "04",
    "atlas": "",
    "rect": {
      "x": 26,
      "y": 0,
      "width": 160,
      "height": 170
    },
    "offset": {
      "x": 11.5,
      "y": 6.5
    },
    "originalSize": {
      "width": 189,
      "height": 183
    },
    "rotated": false,
    "capInsets": [
      0,
      0,
      0,
      0
    ],
    "vertices": {
      "rawPosition": [
        -80,
        -85,
        0,
        80,
        -85,
        0,
        -80,
        85,
        0,
        80,
        85,
        0
      ],
      "indexes": [
        0,
        1,
        2,
        2,
        1,
        3
      ],
      "uv": [
        26,
        183,
        186,
        183,
        26,
        13,
        186,
        13
      ],
      "nuv": [
        0.13756613756613756,
        0.07103825136612021,
        0.9841269841269841,
        0.07103825136612021,
        0.13756613756613756,
        1,
        0.9841269841269841,
        1
      ],
      "minPos": {
        "x": -80,
        "y": -85,
        "z": 0
      },
      "maxPos": {
        "x": 80,
        "y": 85,
        "z": 0
      }
    },
    "texture": "37ce0ce8-abf5-4c2a-bb29-9a26b5919e05@6c48a",
    "packable": true,
    "pixelsToUnit": 100,
    "pivot": {
      "x": 0.5,
      "y": 0.5
    },
    "meshType": 0
  }
}