{
  "__type__": "cc.SpriteFrame",
  "content": {
    "name": "10",
    "atlas": "",
    "rect": {
      "x": 0,
      "y": 20,
      "width": 175,
      "height": 163
    },
    "offset": {
      "x": -7,
      "y": -10
    },
    "originalSize": {
      "width": 189,
      "height": 183
    },
    "rotated": false,
    "capInsets": [
      0,
      0,
      0,
      0
    ],
    "vertices": {
      "rawPosition": [
        -87.5,
        -81.5,
        0,
        87.5,
        -81.5,
        0,
        -87.5,
        81.5,
        0,
        87.5,
        81.5,
        0
      ],
      "indexes": [
        0,
        1,
        2,
        2,
        1,
        3
      ],
      "uv": [
        0,
        163,
        175,
        163,
        0,
        0,
        175,
        0
      ],
      "nuv": [
        0,
        0,
        0.9259259259259259,
        0,
        0,
        0.8907103825136612,
        0.9259259259259259,
        0.8907103825136612
      ],
      "minPos": {
        "x": -87.5,
        "y": -81.5,
        "z": 0
      },
      "maxPos": {
        "x": 87.5,
        "y": 81.5,
        "z": 0
      }
    },
    "texture": "2654109b-5bbf-43ee-b201-09570782b958@6c48a",
    "packable": true,
    "pixelsToUnit": 100,
    "pivot": {
      "x": 0.5,
      "y": 0.5
    },
    "meshType": 0
  }
}