{
  "__type__": "cc.SpriteFrame",
  "content": {
    "name": "17",
    "atlas": "",
    "rect": {
      "x": 0,
      "y": 58,
      "width": 186,
      "height": 98
    },
    "offset": {
      "x": -1,
      "y": -25.5
    },
    "originalSize": {
      "width": 188,
      "height": 163
    },
    "rotated": false,
    "capInsets": [
      0,
      0,
      0,
      0
    ],
    "vertices": {
      "rawPosition": [
        -93,
        -49,
        0,
        93,
        -49,
        0,
        -93,
        49,
        0,
        93,
        49,
        0
      ],
      "indexes": [
        0,
        1,
        2,
        2,
        1,
        3
      ],
      "uv": [
        0,
        105,
        186,
        105,
        0,
        7,
        186,
        7
      ],
      "nuv": [
        0,
        0.04294478527607362,
        0.9893617021276596,
        0.04294478527607362,
        0,
        0.6441717791411042,
        0.9893617021276596,
        0.6441717791411042
      ],
      "minPos": {
        "x": -93,
        "y": -49,
        "z": 0
      },
      "maxPos": {
        "x": 93,
        "y": 49,
        "z": 0
      }
    },
    "texture": "4e1695d9-ddfb-460d-8d8b-dc3d68e547c5@6c48a",
    "packable": true,
    "pixelsToUnit": 100,
    "pivot": {
      "x": 0.5,
      "y": 0.5
    },
    "meshType": 0
  }
}