{
  "__type__": "cc.SpriteFrame",
  "content": {
    "name": "18",
    "atlas": "",
    "rect": {
      "x": 29,
      "y": 45,
      "width": 140,
      "height": 138
    },
    "offset": {
      "x": 4.5,
      "y": -22.5
    },
    "originalSize": {
      "width": 189,
      "height": 183
    },
    "rotated": false,
    "capInsets": [
      0,
      0,
      0,
      0
    ],
    "vertices": {
      "rawPosition": [
        -70,
        -69,
        0,
        70,
        -69,
        0,
        -70,
        69,
        0,
        70,
        69,
        0
      ],
      "indexes": [
        0,
        1,
        2,
        2,
        1,
        3
      ],
      "uv": [
        29,
        138,
        169,
        138,
        29,
        0,
        169,
        0
      ],
      "nuv": [
        0.15343915343915343,
        0,
        0.8941798941798942,
        0,
        0.15343915343915343,
        0.7540983606557377,
        0.8941798941798942,
        0.7540983606557377
      ],
      "minPos": {
        "x": -70,
        "y": -69,
        "z": 0
      },
      "maxPos": {
        "x": 70,
        "y": 69,
        "z": 0
      }
    },
    "texture": "b35aa382-7f2f-4975-96f1-9da5cb887d55@6c48a",
    "packable": true,
    "pixelsToUnit": 100,
    "pivot": {
      "x": 0.5,
      "y": 0.5
    },
    "meshType": 0
  }
}