{
  "__type__": "cc.SpriteFrame",
  "content": {
    "name": "13",
    "atlas": "",
    "rect": {
      "x": 29,
      "y": 0,
      "width": 135,
      "height": 183
    },
    "offset": {
      "x": 2,
      "y": 0
    },
    "originalSize": {
      "width": 189,
      "height": 183
    },
    "rotated": false,
    "capInsets": [
      0,
      0,
      0,
      0
    ],
    "vertices": {
      "rawPosition": [
        -67.5,
        -91.5,
        0,
        67.5,
        -91.5,
        0,
        -67.5,
        91.5,
        0,
        67.5,
        91.5,
        0
      ],
      "indexes": [
        0,
        1,
        2,
        2,
        1,
        3
      ],
      "uv": [
        29,
        183,
        164,
        183,
        29,
        0,
        164,
        0
      ],
      "nuv": [
        0.15343915343915343,
        0,
        0.8677248677248677,
        0,
        0.15343915343915343,
        1,
        0.8677248677248677,
        1
      ],
      "minPos": {
        "x": -67.5,
        "y": -91.5,
        "z": 0
      },
      "maxPos": {
        "x": 67.5,
        "y": 91.5,
        "z": 0
      }
    },
    "texture": "58096c5d-d8a7-46e2-b940-45da736926c4@6c48a",
    "packable": true,
    "pixelsToUnit": 100,
    "pivot": {
      "x": 0.5,
      "y": 0.5
    },
    "meshType": 0
  }
}