{
  "__type__": "cc.SpriteFrame",
  "content": {
    "name": "10",
    "atlas": "",
    "rect": {
      "x": 0,
      "y": 28,
      "width": 188,
      "height": 108
    },
    "offset": {
      "x": 0,
      "y": -0.5
    },
    "originalSize": {
      "width": 188,
      "height": 163
    },
    "rotated": false,
    "capInsets": [
      0,
      0,
      0,
      0
    ],
    "vertices": {
      "rawPosition": [
        -94,
        -54,
        0,
        94,
        -54,
        0,
        -94,
        54,
        0,
        94,
        54,
        0
      ],
      "indexes": [
        0,
        1,
        2,
        2,
        1,
        3
      ],
      "uv": [
        0,
        135,
        188,
        135,
        0,
        27,
        188,
        27
      ],
      "nuv": [
        0,
        0.1656441717791411,
        1,
        0.1656441717791411,
        0,
        0.8282208588957055,
        1,
        0.8282208588957055
      ],
      "minPos": {
        "x": -94,
        "y": -54,
        "z": 0
      },
      "maxPos": {
        "x": 94,
        "y": 54,
        "z": 0
      }
    },
    "texture": "6dfc0d2b-9d45-4cb2-8d37-eef258895904@6c48a",
    "packable": true,
    "pixelsToUnit": 100,
    "pivot": {
      "x": 0.5,
      "y": 0.5
    },
    "meshType": 0
  }
}