{
  "__type__": "cc.SpriteFrame",
  "content": {
    "name": "12",
    "atlas": "",
    "rect": {
      "x": 21,
      "y": 0,
      "width": 147,
      "height": 183
    },
    "offset": {
      "x": 0,
      "y": 0
    },
    "originalSize": {
      "width": 189,
      "height": 183
    },
    "rotated": false,
    "capInsets": [
      0,
      0,
      0,
      0
    ],
    "vertices": {
      "rawPosition": [
        -73.5,
        -91.5,
        0,
        73.5,
        -91.5,
        0,
        -73.5,
        91.5,
        0,
        73.5,
        91.5,
        0
      ],
      "indexes": [
        0,
        1,
        2,
        2,
        1,
        3
      ],
      "uv": [
        21,
        183,
        168,
        183,
        21,
        0,
        168,
        0
      ],
      "nuv": [
        0.1111111111111111,
        0,
        0.8888888888888888,
        0,
        0.1111111111111111,
        1,
        0.8888888888888888,
        1
      ],
      "minPos": {
        "x": -73.5,
        "y": -91.5,
        "z": 0
      },
      "maxPos": {
        "x": 73.5,
        "y": 91.5,
        "z": 0
      }
    },
    "texture": "d1096771-716f-491e-a57e-dff25d097873@6c48a",
    "packable": true,
    "pixelsToUnit": 100,
    "pivot": {
      "x": 0.5,
      "y": 0.5
    },
    "meshType": 0
  }
}