{
  "__type__": "cc.SpriteFrame",
  "content": {
    "name": "07",
    "atlas": "",
    "rect": {
      "x": 17,
      "y": 18,
      "width": 169,
      "height": 165
    },
    "offset": {
      "x": 7,
      "y": -9
    },
    "originalSize": {
      "width": 189,
      "height": 183
    },
    "rotated": false,
    "capInsets": [
      0,
      0,
      0,
      0
    ],
    "vertices": {
      "rawPosition": [
        -84.5,
        -82.5,
        0,
        84.5,
        -82.5,
        0,
        -84.5,
        82.5,
        0,
        84.5,
        82.5,
        0
      ],
      "indexes": [
        0,
        1,
        2,
        2,
        1,
        3
      ],
      "uv": [
        17,
        165,
        186,
        165,
        17,
        0,
        186,
        0
      ],
      "nuv": [
        0.08994708994708994,
        0,
        0.9841269841269841,
        0,
        0.08994708994708994,
        0.9016393442622951,
        0.9841269841269841,
        0.9016393442622951
      ],
      "minPos": {
        "x": -84.5,
        "y": -82.5,
        "z": 0
      },
      "maxPos": {
        "x": 84.5,
        "y": 82.5,
        "z": 0
      }
    },
    "texture": "3485501a-c00b-4ff1-ab43-dbe69cdca8b2@6c48a",
    "packable": true,
    "pixelsToUnit": 100,
    "pivot": {
      "x": 0.5,
      "y": 0.5
    },
    "meshType": 0
  }
}