{
  "__type__": "cc.SpriteFrame",
  "content": {
    "name": "16",
    "atlas": "",
    "rect": {
      "x": 27,
      "y": 0,
      "width": 136,
      "height": 183
    },
    "offset": {
      "x": 0.5,
      "y": 0
    },
    "originalSize": {
      "width": 189,
      "height": 183
    },
    "rotated": false,
    "capInsets": [
      0,
      0,
      0,
      0
    ],
    "vertices": {
      "rawPosition": [
        -68,
        -91.5,
        0,
        68,
        -91.5,
        0,
        -68,
        91.5,
        0,
        68,
        91.5,
        0
      ],
      "indexes": [
        0,
        1,
        2,
        2,
        1,
        3
      ],
      "uv": [
        27,
        183,
        163,
        183,
        27,
        0,
        163,
        0
      ],
      "nuv": [
        0.14285714285714285,
        0,
        0.8624338624338624,
        0,
        0.14285714285714285,
        1,
        0.8624338624338624,
        1
      ],
      "minPos": {
        "x": -68,
        "y": -91.5,
        "z": 0
      },
      "maxPos": {
        "x": 68,
        "y": 91.5,
        "z": 0
      }
    },
    "texture": "12f50ea2-ab74-4ccc-9d54-3dcf7c30e7f1@6c48a",
    "packable": true,
    "pixelsToUnit": 100,
    "pivot": {
      "x": 0.5,
      "y": 0.5
    },
    "meshType": 0
  }
}