{
  "__type__": "cc.SpriteFrame",
  "content": {
    "name": "Rabbit",
    "atlas": "",
    "rect": {
      "x": 18,
      "y": 21,
      "width": 1191,
      "height": 786
    },
    "offset": {
      "x": 1.5,
      "y": -6
    },
    "originalSize": {
      "width": 1224,
      "height": 816
    },
    "rotated": false,
    "capInsets": [
      0,
      0,
      0,
      0
    ],
    "vertices": {
      "rawPosition": [
        -595.5,
        -393,
        0,
        595.5,
        -393,
        0,
        -595.5,
        393,
        0,
        595.5,
        393,
        0
      ],
      "indexes": [
        0,
        1,
        2,
        2,
        1,
        3
      ],
      "uv": [
        18,
        795,
        1209,
        795,
        18,
        9,
        1209,
        9
      ],
      "nuv": [
        0.014705882352941176,
        0.011029411764705883,
        0.9877450980392157,
        0.011029411764705883,
        0.014705882352941176,
        0.9742647058823529,
        0.9877450980392157,
        0.9742647058823529
      ],
      "minPos": {
        "x": -595.5,
        "y": -393,
        "z": 0
      },
      "maxPos": {
        "x": 595.5,
        "y": 393,
        "z": 0
      }
    },
    "texture": "5a6f259a-bf47-4f14-a4a0-26fe22f40acb@6c48a",
    "packable": true,
    "pixelsToUnit": 100,
    "pivot": {
      "x": 0.5,
      "y": 0.5
    },
    "meshType": 0
  }
}