{
  "__type__": "cc.SpriteFrame",
  "content": {
    "name": "HPBar",
    "atlas": "",
    "rect": {
      "x": 0,
      "y": 0,
      "width": 216,
      "height": 27
    },
    "offset": {
      "x": 0,
      "y": 0.5
    },
    "originalSize": {
      "width": 216,
      "height": 28
    },
    "rotated": false,
    "capInsets": [
      0,
      0,
      0,
      0
    ],
    "vertices": {
      "rawPosition": [
        -108,
        -13.5,
        0,
        108,
        -13.5,
        0,
        -108,
        13.5,
        0,
        108,
        13.5,
        0
      ],
      "indexes": [
        0,
        1,
        2,
        2,
        1,
        3
      ],
      "uv": [
        0,
        28,
        216,
        28,
        0,
        1,
        216,
        1
      ],
      "nuv": [
        0,
        0.03571428571428571,
        1,
        0.03571428571428571,
        0,
        1,
        1,
        1
      ],
      "minPos": {
        "x": -108,
        "y": -13.5,
        "z": 0
      },
      "maxPos": {
        "x": 108,
        "y": 13.5,
        "z": 0
      }
    },
    "texture": "6e783aa3-de3a-4a02-a06d-238bd0715b80@6c48a",
    "packable": true,
    "pixelsToUnit": 100,
    "pivot": {
      "x": 0.5,
      "y": 0.5
    },
    "meshType": 0
  }
}