{
  "__type__": "cc.SpriteFrame",
  "content": {
    "name": "FacesetSeller",
    "atlas": "",
    "rect": {
      "x": 27,
      "y": 0,
      "width": 712,
      "height": 720
    },
    "offset": {
      "x": 10.5,
      "y": 0
    },
    "originalSize": {
      "width": 745,
      "height": 720
    },
    "rotated": false,
    "capInsets": [
      0,
      0,
      0,
      0
    ],
    "vertices": {
      "rawPosition": [
        -356,
        -360,
        0,
        356,
        -360,
        0,
        -356,
        360,
        0,
        356,
        360,
        0
      ],
      "indexes": [
        0,
        1,
        2,
        2,
        1,
        3
      ],
      "uv": [
        27,
        720,
        739,
        720,
        27,
        0,
        739,
        0
      ],
      "nuv": [
        0.036241610738255034,
        0,
        0.9919463087248322,
        0,
        0.036241610738255034,
        1,
        0.9919463087248322,
        1
      ],
      "minPos": {
        "x": -356,
        "y": -360,
        "z": 0
      },
      "maxPos": {
        "x": 356,
        "y": 360,
        "z": 0
      }
    },
    "texture": "81ce228a-6bfe-4718-89fb-1316b37123e0@6c48a",
    "packable": true,
    "pixelsToUnit": 100,
    "pivot": {
      "x": 0.5,
      "y": 0.5
    },
    "meshType": 0
  }
}