{
  "__type__": "cc.SpriteFrame",
  "content": {
    "name": "08",
    "atlas": "",
    "rect": {
      "x": 24,
      "y": 14,
      "width": 155,
      "height": 169
    },
    "offset": {
      "x": 7,
      "y": -7
    },
    "originalSize": {
      "width": 189,
      "height": 183
    },
    "rotated": false,
    "capInsets": [
      0,
      0,
      0,
      0
    ],
    "vertices": {
      "rawPosition": [
        -77.5,
        -84.5,
        0,
        77.5,
        -84.5,
        0,
        -77.5,
        84.5,
        0,
        77.5,
        84.5,
        0
      ],
      "indexes": [
        0,
        1,
        2,
        2,
        1,
        3
      ],
      "uv": [
        24,
        169,
        179,
        169,
        24,
        0,
        179,
        0
      ],
      "nuv": [
        0.12698412698412698,
        0,
        0.9470899470899471,
        0,
        0.12698412698412698,
        0.9234972677595629,
        0.9470899470899471,
        0.9234972677595629
      ],
      "minPos": {
        "x": -77.5,
        "y": -84.5,
        "z": 0
      },
      "maxPos": {
        "x": 77.5,
        "y": 84.5,
        "z": 0
      }
    },
    "texture": "609b306f-b7bb-4113-b1c6-7a7dec1886b6@6c48a",
    "packable": true,
    "pixelsToUnit": 100,
    "pivot": {
      "x": 0.5,
      "y": 0.5
    },
    "meshType": 0
  }
}