{
  "__type__": "cc.SpriteFrame",
  "content": {
    "name": "15",
    "atlas": "",
    "rect": {
      "x": 0,
      "y": 44,
      "width": 169,
      "height": 106
    },
    "offset": {
      "x": -9.5,
      "y": -15.5
    },
    "originalSize": {
      "width": 188,
      "height": 163
    },
    "rotated": false,
    "capInsets": [
      0,
      0,
      0,
      0
    ],
    "vertices": {
      "rawPosition": [
        -84.5,
        -53,
        0,
        84.5,
        -53,
        0,
        -84.5,
        53,
        0,
        84.5,
        53,
        0
      ],
      "indexes": [
        0,
        1,
        2,
        2,
        1,
        3
      ],
      "uv": [
        0,
        119,
        169,
        119,
        0,
        13,
        169,
        13
      ],
      "nuv": [
        0,
        0.07975460122699386,
        0.898936170212766,
        0.07975460122699386,
        0,
        0.7300613496932515,
        0.898936170212766,
        0.7300613496932515
      ],
      "minPos": {
        "x": -84.5,
        "y": -53,
        "z": 0
      },
      "maxPos": {
        "x": 84.5,
        "y": 53,
        "z": 0
      }
    },
    "texture": "f9c833f6-1850-4438-9c6f-c56a289bb627@6c48a",
    "packable": true,
    "pixelsToUnit": 100,
    "pivot": {
      "x": 0.5,
      "y": 0.5
    },
    "meshType": 0
  }
}