{
  "__type__": "cc.SpriteFrame",
  "content": {
    "name": "08",
    "atlas": "",
    "rect": {
      "x": 38,
      "y": 44,
      "width": 3,
      "height": 3
    },
    "offset": {
      "x": 7.5,
      "y": -13.5
    },
    "originalSize": {
      "width": 64,
      "height": 64
    },
    "rotated": false,
    "capInsets": [
      0,
      0,
      0,
      0
    ],
    "vertices": {
      "rawPosition": [
        -1.5,
        -1.5,
        0,
        1.5,
        -1.5,
        0,
        -1.5,
        1.5,
        0,
        1.5,
        1.5,
        0
      ],
      "indexes": [
        0,
        1,
        2,
        2,
        1,
        3
      ],
      "uv": [
        38,
        20,
        41,
        20,
        38,
        17,
        41,
        17
      ],
      "nuv": [
        0.59375,
        0.265625,
        0.640625,
        0.265625,
        0.59375,
        0.3125,
        0.640625,
        0.3125
      ],
      "minPos": {
        "x": -1.5,
        "y": -1.5,
        "z": 0
      },
      "maxPos": {
        "x": 1.5,
        "y": 1.5,
        "z": 0
      }
    },
    "texture": "053f2546-b490-4629-943a-fbf44217b96d@6c48a",
    "packable": true,
    "pixelsToUnit": 100,
    "pivot": {
      "x": 0.5,
      "y": 0.5
    },
    "meshType": 0
  }
}