{
  "__type__": "cc.SpriteFrame",
  "content": {
    "name": "05",
    "atlas": "",
    "rect": {
      "x": 7,
      "y": 22,
      "width": 175,
      "height": 151
    },
    "offset": {
      "x": 0,
      "y": -6
    },
    "originalSize": {
      "width": 189,
      "height": 183
    },
    "rotated": false,
    "capInsets": [
      0,
      0,
      0,
      0
    ],
    "vertices": {
      "rawPosition": [
        -87.5,
        -75.5,
        0,
        87.5,
        -75.5,
        0,
        -87.5,
        75.5,
        0,
        87.5,
        75.5,
        0
      ],
      "indexes": [
        0,
        1,
        2,
        2,
        1,
        3
      ],
      "uv": [
        7,
        161,
        182,
        161,
        7,
        10,
        182,
        10
      ],
      "nuv": [
        0.037037037037037035,
        0.0546448087431694,
        0.9629629629629629,
        0.0546448087431694,
        0.037037037037037035,
        0.8797814207650273,
        0.9629629629629629,
        0.8797814207650273
      ],
      "minPos": {
        "x": -87.5,
        "y": -75.5,
        "z": 0
      },
      "maxPos": {
        "x": 87.5,
        "y": 75.5,
        "z": 0
      }
    },
    "texture": "4aeab10d-d049-43b4-9d9f-0e09cdce10a1@6c48a",
    "packable": true,
    "pixelsToUnit": 100,
    "pivot": {
      "x": 0.5,
      "y": 0.5
    },
    "meshType": 0
  }
}