{
  "__type__": "cc.SpriteFrame",
  "content": {
    "name": "03",
    "atlas": "",
    "rect": {
      "x": 20,
      "y": 19,
      "width": 164,
      "height": 147
    },
    "offset": {
      "x": 7.5,
      "y": -1
    },
    "originalSize": {
      "width": 189,
      "height": 183
    },
    "rotated": false,
    "capInsets": [
      0,
      0,
      0,
      0
    ],
    "vertices": {
      "rawPosition": [
        -82,
        -73.5,
        0,
        82,
        -73.5,
        0,
        -82,
        73.5,
        0,
        82,
        73.5,
        0
      ],
      "indexes": [
        0,
        1,
        2,
        2,
        1,
        3
      ],
      "uv": [
        20,
        164,
        184,
        164,
        20,
        17,
        184,
        17
      ],
      "nuv": [
        0.10582010582010581,
        0.09289617486338798,
        0.9735449735449735,
        0.09289617486338798,
        0.10582010582010581,
        0.8961748633879781,
        0.9735449735449735,
        0.8961748633879781
      ],
      "minPos": {
        "x": -82,
        "y": -73.5,
        "z": 0
      },
      "maxPos": {
        "x": 82,
        "y": 73.5,
        "z": 0
      }
    },
    "texture": "7469eead-e73b-4cfc-84da-9cee385996fc@6c48a",
    "packable": true,
    "pixelsToUnit": 100,
    "pivot": {
      "x": 0.5,
      "y": 0.5
    },
    "meshType": 0
  }
}