{
  "__type__": "cc.SpriteFrame",
  "content": {
    "name": "03",
    "atlas": "",
    "rect": {
      "x": 41,
      "y": 7,
      "width": 102,
      "height": 120
    },
    "offset": {
      "x": -2,
      "y": 14.5
    },
    "originalSize": {
      "width": 188,
      "height": 163
    },
    "rotated": false,
    "capInsets": [
      0,
      0,
      0,
      0
    ],
    "vertices": {
      "rawPosition": [
        -51,
        -60,
        0,
        51,
        -60,
        0,
        -51,
        60,
        0,
        51,
        60,
        0
      ],
      "indexes": [
        0,
        1,
        2,
        2,
        1,
        3
      ],
      "uv": [
        41,
        156,
        143,
        156,
        41,
        36,
        143,
        36
      ],
      "nuv": [
        0.21808510638297873,
        0.22085889570552147,
        0.7606382978723404,
        0.22085889570552147,
        0.21808510638297873,
        0.9570552147239264,
        0.7606382978723404,
        0.9570552147239264
      ],
      "minPos": {
        "x": -51,
        "y": -60,
        "z": 0
      },
      "maxPos": {
        "x": 51,
        "y": 60,
        "z": 0
      }
    },
    "texture": "e4238470-ac57-4b1f-9bf8-4138de3dbe5e@6c48a",
    "packable": true,
    "pixelsToUnit": 100,
    "pivot": {
      "x": 0.5,
      "y": 0.5
    },
    "meshType": 0
  }
}