{
  "__type__": "cc.SpriteFrame",
  "content": {
    "name": "09",
    "atlas": "",
    "rect": {
      "x": 14,
      "y": 18,
      "width": 175,
      "height": 165
    },
    "offset": {
      "x": 7,
      "y": -9
    },
    "originalSize": {
      "width": 189,
      "height": 183
    },
    "rotated": false,
    "capInsets": [
      0,
      0,
      0,
      0
    ],
    "vertices": {
      "rawPosition": [
        -87.5,
        -82.5,
        0,
        87.5,
        -82.5,
        0,
        -87.5,
        82.5,
        0,
        87.5,
        82.5,
        0
      ],
      "indexes": [
        0,
        1,
        2,
        2,
        1,
        3
      ],
      "uv": [
        14,
        165,
        189,
        165,
        14,
        0,
        189,
        0
      ],
      "nuv": [
        0.07407407407407407,
        0,
        1,
        0,
        0.07407407407407407,
        0.9016393442622951,
        1,
        0.9016393442622951
      ],
      "minPos": {
        "x": -87.5,
        "y": -82.5,
        "z": 0
      },
      "maxPos": {
        "x": 87.5,
        "y": 82.5,
        "z": 0
      }
    },
    "texture": "b836f863-7a51-44bf-9847-459212f1b410@6c48a",
    "packable": true,
    "pixelsToUnit": 100,
    "pivot": {
      "x": 0.5,
      "y": 0.5
    },
    "meshType": 0
  }
}