{
  "__type__": "cc.SpriteFrame",
  "content": {
    "name": "PetTheDog",
    "atlas": "",
    "rect": {
      "x": 60,
      "y": 51,
      "width": 477,
      "height": 705
    },
    "offset": {
      "x": 10.5,
      "y": -19.5
    },
    "originalSize": {
      "width": 576,
      "height": 768
    },
    "rotated": false,
    "capInsets": [
      0,
      0,
      0,
      0
    ],
    "vertices": {
      "rawPosition": [
        -238.5,
        -352.5,
        0,
        238.5,
        -352.5,
        0,
        -238.5,
        352.5,
        0,
        238.5,
        352.5,
        0
      ],
      "indexes": [
        0,
        1,
        2,
        2,
        1,
        3
      ],
      "uv": [
        60,
        717,
        537,
        717,
        60,
        12,
        537,
        12
      ],
      "nuv": [
        0.10416666666666667,
        0.015625,
        0.9322916666666666,
        0.015625,
        0.10416666666666667,
        0.93359375,
        0.9322916666666666,
        0.93359375
      ],
      "minPos": {
        "x": -238.5,
        "y": -352.5,
        "z": 0
      },
      "maxPos": {
        "x": 238.5,
        "y": 352.5,
        "z": 0
      }
    },
    "texture": "99e73fec-d80f-4695-808b-18f571b11d44@6c48a",
    "packable": true,
    "pixelsToUnit": 100,
    "pivot": {
      "x": 0.5,
      "y": 0.5
    },
    "meshType": 0
  }
}